key,English
animalHornet,Hornet
animalQueenHornet,Queen Hornet
animalRadiatedHornet,Radiated Hornet
animalInfernalHornet,Infernal Hornet
animalChargedHornet,Charged Hornet
zombieBehemoth,Zombie Behemoth
zombieBehemothRadiated,Radiated Behemoth
zombieBootyWarrior,"Booty Warrior"
animalCannibalRabbit,Rabbit
animalCannibalChicken,Chicken

perkPackMuleRank1LongDesc,Who has time to organize their stuff perfectly?\nCarry seven more items without being encumbered.\nIncreases the crafting speed of items from your inventory by 10%.\nYour pack has a 5% chance to ignore physical damage when hit.,,"Wer hat schon Zeit, seine Sachen perfekt zu ordnen?\nTrage sieben weitere Gegenstände, ohne überladen zu sein.\nErhöht die Herstellungsgeschwindigkeit von Gegenständen aus deinem Inventar um 10%.\nDein Rucksack hat bei einem Treffer eine Chance von 5%, physischen Schaden zu ignorieren.",¿Quién tiene tiempo para organizar sus cosas a la perfección?\nLleva siete objetos más sin sufrir penalización por carga.\nAumenta en un 10% la velocidad de fabricación de objetos desde tu inventario.\nTu mochila tiene un 5% de probabilidad de ignorar el daño físico al ser golpeada.,Qui a le temps de ranger parfaitement toutes ses affaires ?\nTransportez sept objets supplémentaires sans être encombré.\nAugmente de 10 % la vitesse de fabrication des objets depuis votre inventaire.\nVotre sac a 5 % de chances d'ignorer les dégâts physiques lorsqu'il est touché.,Chi ha il tempo di organizzare tutto alla perfezione?\nTrasporta sette oggetti in più senza essere appesantito.\nAumenta del 10% la velocità di creazione degli oggetti dal tuo inventario.\nIl tuo zaino ha il 5% di probabilità di ignorare i danni fisici quando viene colpito.,持ち物を完璧に整理している暇なんてあるか？\n重量超過にならずにアイテムをさらに7個持ち運べる。\nインベントリから作成するアイテムのクラフト速度が10%上昇する。\nバッグは攻撃を受けた際、5%の確率で物理ダメージを無効化する。,누가 짐을 완벽하게 정리할 시간이 있겠어?\n짐 부담 없이 아이템을 7개 더 들고 다닐 수 있습니다.\n인벤토리에서 만드는 아이템의 제작 속도가 10% 증가합니다.\n가방은 맞았을 때 5% 확률로 물리 피해를 무시합니다.,"Kto ma czas, żeby idealnie układać swoje rzeczy?\nMożesz nosić o siedem przedmiotów więcej bez przeciążenia.\nZwiększa o 10% szybkość wytwarzania przedmiotów z ekwipunku.\nTwój plecak ma 5% szans na zignorowanie obrażeń fizycznych po trafieniu.",Quem tem tempo para organizar tudo perfeitamente?\nCarregue mais sete itens sem ficar sobrecarregado.\nAumenta em 10% a velocidade de fabricação de itens do seu inventário.\nSua mochila tem 5% de chance de ignorar dano físico quando for atingida.,У кого есть время идеально раскладывать свои вещи?\nНосите на семь предметов больше без перегруза.\nУвеличивает скорость создания предметов из инвентаря на 10%.\nВаш рюкзак имеет 5% шанс игнорировать физический урон при попадании.,Eşyalarını kusursuzca düzenlemeye kimin vakti var ki?\nYük altında kalmadan yedi eşya daha taşı.\nEnvanterindeki eşyaların üretim hızını %10 artırır.\nÇantan vurulduğunda fiziksel hasarı yok sayma şansı %5'dur.,谁有时间把东西整理得完美无缺？\n在不超负重的情况下额外携带7个物品。\n使从你的背包物品栏制作物品的速度提高10%。\n你的背包在受到击中时有5%的几率无视物理伤害。,誰有時間把東西整理得完美無缺？\n在不超負重的情況下額外攜帶7個物品。\n使從你的背包物品欄製作物品的速度提高10%。\n你的背包在受到擊中時有5%的機率無視物理傷害。
perkPackMuleRank2LongDesc,You know it's in there somewhere.\nCarry an additional fourteen more items without being encumbered.\nIncreases the crafting speed of items from your inventory by 20%.\nYour pack has a 10% chance to ignore physical damage when hit.,,"Du weißt, dass es irgendwo da drin ist.\nTrage vierzehn zusätzliche Gegenstände, ohne überladen zu sein.\nErhöht die Herstellungsgeschwindigkeit von Gegenständen aus deinem Inventar um 20%.\nDein Rucksack hat bei einem Treffer eine Chance von 10%, physischen Schaden zu ignorieren.","Sabes que está ahí dentro, en alguna parte.\nLleva catorce objetos adicionales sin sufrir penalización por carga.\nAumenta en un 20% la velocidad de fabricación de objetos desde tu inventario.\nTu mochila tiene un 10% de probabilidad de ignorar el daño físico al ser golpeada.","Vous savez qu'il est là-dedans, quelque part.\nTransportez quatorze objets supplémentaires sans être encombré.\nAugmente de 20 % la vitesse de fabrication des objets depuis votre inventaire.\nVotre sac a 10 % de chances d'ignorer les dégâts physiques lorsqu'il est touché.",Sai che è lì dentro da qualche parte.\nTrasporta quattordici oggetti aggiuntivi senza essere appesantito.\nAumenta del 20% la velocità di creazione degli oggetti dal tuo inventario.\nIl tuo zaino ha il 10% di probabilità di ignorare i danni fisici quando viene colpito.,どこかに入っているのは分かっている。\n重量超過にならずにアイテムをさらに14個持ち運べる。\nインベントリから作成するアイテムのクラフト速度が20%上昇する。\nバッグは攻撃を受けた際、10%の確率で物理ダメージを無効化する。,어딘가에 들어 있는 건 알고 있지.\n짐 부담 없이 아이템을 14개 더 들고 다닐 수 있습니다.\n인벤토리에서 만드는 아이템의 제작 속도가 20% 증가합니다.\n가방은 맞았을 때 10% 확률로 물리 피해를 무시합니다.,"Wiesz, że to gdzieś tam jest.\nMożesz nosić dodatkowe czternaście przedmiotów bez przeciążenia.\nZwiększa o 20% szybkość wytwarzania przedmiotów z ekwipunku.\nTwój plecak ma 10% szans na zignorowanie obrażeń fizycznych po trafieniu.",Você sabe que está aí em algum lugar.\nCarregue mais catorze itens sem ficar sobrecarregado.\nAumenta em 20% a velocidade de fabricação de itens do seu inventário.\nSua mochila tem 10% de chance de ignorar dano físico quando for atingida.,"Ты знаешь, что это где-то там.\nНосите ещё на четырнадцать предметов больше без перегруза.\nУвеличивает скорость создания предметов из инвентаря на 20%.\nВаш рюкзак имеет 10% шанс игнорировать физический урон при попадании.",Onun bir yerlerde orada olduğunu biliyorsun.\nYük altında kalmadan on dört eşya daha taşı.\nEnvanterindeki eşyaların üretim hızını %20 artırır.\nÇantan vurulduğunda fiziksel hasarı yok sayma şansı %10'dir.,你知道它就在里面的某个地方。\n在不超负重的情况下额外携带14个物品。\n使从你的背包物品栏制作物品的速度提高20%。\n你的背包在受到击中时有10%的几率无视物理伤害。,你知道它就在裡面的某個地方。\n在不超負重的情況下額外攜帶14個物品。\n使從你的背包物品欄製作物品的速度提高20%。\n你的背包在受到擊中時有10%的機率無視物理傷害。
perkPackMuleRank3LongDesc,You know exactly where everything is.\nCarry twenty one additional items without being encumbered.\nIncreases the crafting speed of items from your inventory by 30%.\nYour pack has a 15% chance to ignore physical damage when hit.,,"Du weißt ganz genau, wo alles ist.\nTrage einundzwanzig zusätzliche Gegenstände, ohne überladen zu sein.\nErhöht die Herstellungsgeschwindigkeit von Gegenständen aus deinem Inventar um 30%.\nDein Rucksack hat bei einem Treffer eine Chance von 15%, physischen Schaden zu ignorieren.",Sabes exactamente dónde está todo.\nLleva veintiún objetos adicionales sin sufrir penalización por carga.\nAumenta en un 30% la velocidad de fabricación de objetos desde tu inventario.\nTu mochila tiene un 15% de probabilidad de ignorar el daño físico al ser golpeada.,Vous savez exactement où se trouve chaque chose.\nTransportez vingt-et-un objets supplémentaires sans être encombré.\nAugmente de 30 % la vitesse de fabrication des objets depuis votre inventaire.\nVotre sac a 15 % de chances d'ignorer les dégâts physiques lorsqu'il est touché.,Sai esattamente dove si trova ogni cosa.\nTrasporta ventuno oggetti aggiuntivi senza essere appesantito.\nAumenta del 30% la velocità di creazione degli oggetti dal tuo inventario.\nIl tuo zaino ha il 15% di probabilità di ignorare i danni fisici quando viene colpito.,どこに何があるかを正確に把握している。\n重量超過にならずにアイテムをさらに21個持ち運べる。\nインベントリから作成するアイテムのクラフト速度が30%上昇する。\nバッグは攻撃を受けた際、15%の確率で物理ダメージを無効化する。,어디에 뭐가 있는지 정확히 알고 있지.\n짐 부담 없이 아이템을 21개 더 들고 다닐 수 있습니다.\n인벤토리에서 만드는 아이템의 제작 속도가 30% 증가합니다.\n가방은 맞았을 때 15% 확률로 물리 피해를 무시합니다.,"Dokładnie wiesz, gdzie co jest.\nMożesz nosić dodatkowe dwadzieścia jeden przedmiotów bez przeciążenia.\nZwiększa o 30% szybkość wytwarzania przedmiotów z ekwipunku.\nTwój plecak ma 15% szans na zignorowanie obrażeń fizycznych po trafieniu.",Você sabe exatamente onde está cada coisa.\nCarregue mais vinte e um itens sem ficar sobrecarregado.\nAumenta em 30% a velocidade de fabricação de itens do seu inventário.\nSua mochila tem 15% de chance de ignorar dano físico quando for atingida.,"Ты точно знаешь, где что лежит.\nНосите ещё на двадцать один предмет больше без перегруза.\nУвеличивает скорость создания предметов из инвентаря на 30%.\nВаш рюкзак имеет 15% шанс игнорировать физический урон при попадании.",Her şeyin tam olarak nerede olduğunu biliyorsun.\nYük altında kalmadan yirmi bir eşya daha taşı.\nEnvanterindeki eşyaların üretim hızını %30 artırır.\nÇantan vurulduğunda fiziksel hasarı yok sayma şansı %15'dur.,你清楚地知道每样东西在哪里。\n在不超负重的情况下额外携带21个物品。\n使从你的背包物品栏制作物品的速度提高30%。\n你的背包在受到击中时有15%的几率无视物理伤害。,你清楚地知道每樣東西在哪裡。\n在不超負重的情況下額外攜帶21個物品。\n使從你的背包物品欄製作物品的速度提高30%。\n你的背包在受到擊中時有15%的機率無視物理傷害。
perkPackMuleRank4LongDesc,"You just passed inspection, private.\nCarry twenty eight more items without being encumbered.\nIncreases the crafting speed of items from your inventory by 40%.\nYour pack has a 20% chance to ignore physical damage when hit.",,"Du hast die Inspektion gerade bestanden, Soldat.\nTrage achtundzwanzig weitere Gegenstände, ohne überladen zu sein.\nErhöht die Herstellungsgeschwindigkeit von Gegenständen aus deinem Inventar um 40%.\nDein Rucksack hat bei einem Treffer eine Chance von 20%, physischen Schaden zu ignorieren.","Acabas de pasar la inspección, soldado.\nLleva veintiocho objetos más sin sufrir penalización por carga.\nAumenta en un 40% la velocidad de fabricación de objetos desde tu inventario.\nTu mochila tiene un 20% de probabilidad de ignorar el daño físico al ser golpeada.","Vous venez de réussir l'inspection, soldat.\nTransportez vingt-huit objets supplémentaires sans être encombré.\nAugmente de 40 % la vitesse de fabrication des objets depuis votre inventaire.\nVotre sac a 20 % de chances d'ignorer les dégâts physiques lorsqu'il est touché.","Hai appena superato l'ispezione, soldato.\nTrasporta ventotto oggetti in più senza essere appesantito.\nAumenta del 40% la velocità di creazione degli oggetti dal tuo inventario.\nIl tuo zaino ha il 20% di probabilità di ignorare i danni fisici quando viene colpito.",点検合格だ、新兵。\n重量超過にならずにアイテムをさらに28個持ち運べる。\nインベントリから作成するアイテムのクラフト速度が40%上昇する。\nバッグは攻撃を受けた際、20%の確率で物理ダメージを無効化する。,"방금 점검을 통과했군, 이병.\n짐 부담 없이 아이템을 28개 더 들고 다닐 수 있습니다.\n인벤토리에서 만드는 아이템의 제작 속도가 40% 증가합니다.\n가방은 맞았을 때 20% 확률로 물리 피해를 무시합니다.","Właśnie przeszedłeś inspekcję, szeregowcu.\nMożesz nosić o dwadzieścia osiem przedmiotów więcej bez przeciążenia.\nZwiększa o 40% szybkość wytwarzania przedmiotów z ekwipunku.\nTwój plecak ma 20% szans na zignorowanie obrażeń fizycznych po trafieniu.","Você acabou de passar na inspeção, soldado.\nCarregue mais vinte e oito itens sem ficar sobrecarregado.\nAumenta em 40% a velocidade de fabricação de itens do seu inventário.\nSua mochila tem 20% de chance de ignorar dano físico quando for atingida.","Ты только что прошёл проверку, рядовой.\nНосите ещё на двадцать восемь предметов больше без перегруза.\nУвеличивает скорость создания предметов из инвентаря на 40%.\nВаш рюкзак имеет 20% шанс игнорировать физический урон при попадании.","Denetimden yeni geçtin, er.\nYük altında kalmadan yirmi sekiz eşya daha taşı.\nEnvanterindeki eşyaların üretim hızını %40 artırır.\nÇantan vurulduğunda fiziksel hasarı yok sayma şansı %20'tır.",你刚通过检查，列兵。\n在不超负重的情况下额外携带28个物品。\n使从你的背包物品栏制作物品的速度提高40%。\n你的背包在受到击中时有20%的几率无视物理伤害。,你剛通過檢查，列兵。\n在不超負重的情況下額外攜帶28個物品。\n使從你的背包物品欄製作物品的速度提高40%。\n你的背包在受到擊中時有20%的機率無視物理傷害。
perkPackMuleRank5LongDesc,Now you're showing off! You're either part mule or strongman.\nCarry thirty five more items without being encumbered.\nIncreases the crafting speed of items from your inventory by 50%.\nYour pack has a 25% chance to ignore physical damage when hit.,,"Jetzt gibst du an! Du bist entweder teils Maultier oder ein Kraftprotz.\nTrage fünfunddreißig weitere Gegenstände, ohne überladen zu sein.\nErhöht die Herstellungsgeschwindigkeit von Gegenständen aus deinem Inventar um 50%.\nDein Rucksack hat bei einem Treffer eine Chance von 25%, physischen Schaden zu ignorieren.",¡Ahora presumes! O eres mitad mula o un forzudo.\nLleva treinta y cinco objetos más sin sufrir penalización por carga.\nAumenta en un 50% la velocidad de fabricación de objetos desde tu inventario.\nTu mochila tiene un 25% de probabilidad de ignorar el daño físico al ser golpeada.,"Là, vous frimez ! Vous êtes soit à moitié mule, soit colosse.\nTransportez trente-cinq objets supplémentaires sans être encombré.\nAugmente de 50 % la vitesse de fabrication des objets depuis votre inventaire.\nVotre sac a 25 % de chances d'ignorer les dégâts physiques lorsqu'il est touché.",Adesso ti stai davvero mettendo in mostra! Sei metà mulo o un vero forzuto.\nTrasporta trentacinque oggetti in più senza essere appesantito.\nAumenta del 50% la velocità di creazione degli oggetti dal tuo inventario.\nIl tuo zaino ha il 25% di probabilità di ignorare i danni fisici quando viene colpito.,見せつけてきたな！ もはやラバの血が混じっているか、怪力自慢だ。\n重量超過にならずにアイテムをさらに35個持ち運べる。\nインベントリから作成するアイテムのクラフト速度が50%上昇する。\nバッグは攻撃を受けた際、25%の確率で物理ダメージを無効化する。,이제 자랑까지 하는군! 노새 피가 섞였거나 장사꾼이 아니라 장사 같은 힘꾼이야.\n짐 부담 없이 아이템을 35개 더 들고 다닐 수 있습니다.\n인벤토리에서 만드는 아이템의 제작 속도가 50% 증가합니다.\n가방은 맞았을 때 25% 확률로 물리 피해를 무시합니다.,"Teraz to już się popisujesz! Albo jesteś po części mułem, albo siłaczem.\nMożesz nosić o trzydzieści pięć przedmiotów więcej bez przeciążenia.\nZwiększa o 50% szybkość wytwarzania przedmiotów z ekwipunku.\nTwój plecak ma 25% szans na zignorowanie obrażeń fizycznych po trafieniu.","Agora você está se exibindo! Ou você é meio mula, ou um homem muito forte.\nCarregue mais trinta e cinco itens sem ficar sobrecarregado.\nAumenta em 50% a velocidade de fabricação de itens do seu inventário.\nSua mochila tem 25% de chance de ignorar dano físico quando for atingida.","Ну всё, теперь ты выпендриваешься! Ты либо наполовину мул, либо силач.\nНосите ещё на тридцать пять предметов больше без перегруза.\nУвеличивает скорость создания предметов из инвентаря на 50%.\nВаш рюкзак имеет 25% шанс игнорировать физический урон при попадании.",Artık hava atıyorsun! Ya yarı katırsın ya da tam bir güçlü adamsın.\nYük altında kalmadan otuz beş eşya daha taşı.\nEnvanterindeki eşyaların üretim hızını %50 artırır.\nÇantan vurulduğunda fiziksel hasarı yok sayma şansı %25'dir.,现在你可是在炫耀了！你不是半头骡子，就是个大力士。\n在不超负重的情况下额外携带35个物品。\n使从你的背包物品栏制作物品的速度提高50%。\n你的背包在受到击中时有25%的几率无视物理伤害。,現在你可是在炫耀了！你不是半頭騾子，就是個大力士。\n在不超負重的情況下額外攜帶35個物品。\n使從你的背包物品欄製作物品的速度提高50%。\n你的背包在受到擊中時有25%的機率無視物理傷害。



animalShark,"SharkTimeGaming"
animalBabyShark,"Baby Shark"
resourcePhoenixTearDuct,"Phoenix Tear Duct"
resourcePhoenixFeather,"Phoenix Feather"
resourceBatWing,"Bat Wing"

resourceSkillMagazineScrap,Skill Magazine Scrap
resourceSkillMagazineScrapDesc,"Skill Magazine Scrap can assembled into a skill magazine."
writingDesk,Writing Desk
writingDeskDesc,"Who doesn't love a stylish desk in the home? Can be used to create skill and class books for less resources."

quest_genericskillpoints,Skill Point Book
quest_genericskillpoints_offer,"This quest is a workaround to grant you +1 generic skill point, instead of a point for a particular skill. It will auto-complete on acceptance."
quest_genericskillpoints_subtitle,Gain A Skill Point
quest_genericskillpoints_description,"This quest is a workaround to grant you +1 generic skill point, instead of a point for a particular skill. It will auto-complete on acceptance."

quest_Multigenericskillpoints,Skill Point Book
quest_Multigenericskillpoints_offer,"This quest is a workaround to grant you +1 generic skill point, instead of a point for a particular skill. It will auto-complete on acceptance."
quest_Multigenericskillpoints_subtitle,Gain A Skill Point
quest_Multigenericskillpoints_description,"This quest is a workaround to grant you +1 generic skill point, instead of a point for a particular skill. It will auto-complete on acceptance."

skillGenericBook,Generic Skill Notes
skillGenericDesc,A pretty rare book full of general knowledge and useful information (+1 skill point to assign).

skillMultiGenericBook,Generic Skill Notes
skillMultiGenericDesc,A pretty rare book full of general knowledge and useful information (+25 skill point to assign).

resourceCopperPlate,"Copper Plate"

resourceLeadPlate,"Lead Plate"

drugAnti-NorovirusPill,"Anti-Norovirus Pill"

drugAnti-TuberculosisPill,"Anti-Tuberculosis Pill"

drugAnti-InfluenzaPill,"Anti-Influenza Pill"

drugAnti-Norovirusvaccine,"Anti-Norovirus vaccine"

drugAnti-Tuberculosisvaccine,"Anti-Tuberculosis vaccine"

drugAnti-Influenzavaccine,"Anti-Influenza vaccine"


MailPulmonologist,Note from the Unknown
MailPulmonologistDesc,"To the one who found and reads this letter. Survivor! For a long time I tried to create a cure for Tuberculosis and protection against infection of Tuberculosis, I succeeded! But the horde of zombies that were chasing me drove me into a trap. There is little time left and the zombies will break down the doors of the room in which I took refuge. I'll die... Fulfill my last wish! Take the vaccine recipe from my suitcase and share it with good people! Farewell..."

BagPulmonologist1,"Pulmonologist's Suitcase"
BagPulmonologist1Desc,"The suitcase contains a note from the Pulmonologist I."

BagPulmonologist2,"Pulmonologist's Suitcase"
BagPulmonologist2Desc,"The suitcase contains a note from the Pulmonologist II."

BagPulmonologist3,"Pulmonologist's Suitcase"
BagPulmonologist3Desc,"The suitcase contains a note from Pulmonologist III."

BagPulmonologist4,"Pulmonologist's Suitcase"
BagPulmonologist4Desc,"The suitcase contains a note from Pulmonologist IV and an experimental sample of a Tuberculosis and Influenza vaccine."

BagPulmonologist5,"Pulmonologist's Suitcase"
BagPulmonologist5Desc,"The suitcase contains a bloody letter from the Pulmonologist and a recipe for a Tuberculosis and Influenza vaccine."

Note1Pulmonologist,"Pulmonologist's Note I"
Note1PulmonologistDesc,"The note contains the address where the Pulmonologist began experiments to create a vaccine that would stop the effects of the Tuberculosis and Influenza."

Note2Pulmonologist,"Pulmonologist's Note II"
Note2PulmonologistDesc,"In the note, the Pulmonologist complains that it is impossible to work in this building, there are no tools and zombies are constantly attacking. We need to find a new place to work (the address is indicated in the margins of the note)."

Note3Pulmonologist,"Pulmonologist's Note III"
Note3PulmonologistDesc,"In the note, the Pulmonologist reports that he was able to make mod to protect yourself, the protection is complete! All that remains is to find laboratory equipment and create a vaccine against Tuberculosisand and Influenza (the following address is written in small handwriting)."

Note4Pulmonologist,"Pulmonologist's Note IV"
Note4PulmonologistDesc,"In the note, the Pulmonologist reports that he was able to make a pill against Tuberculosis and Influenza, but he was tracked down by a horde of zombies, he will try to hide from the zombies at this address."

Note5Pulmonologist,"Pulmonologist's Note V"
Note5PulmonologistDesc,"In the note, the Pulmonologist reports that he was able to make a vaccine against Tuberculosis and Influenza, but he was tracked down by a horde of zombies, he will try to hide from the zombies at this address."


Note1Pulmonologist,Explore Location
Note1Pulmonologist_subtitle,You must find traces of the Pulmonologist and his research.
Note1Pulmonologist_Desc,You must find traces of the Pulmonologist and his research.
Note1Pulmonologist_offer,"You must find traces of the Pulmonologist and his research. \n\n[FFD700]Are you ready to go on a search?"

Note2Pulmonologist,Explore Location
Note2Pulmonologist_subtitle,You must find traces of the Pulmonologist and his research.
Note2Pulmonologist_Desc,You must find traces of the Pulmonologist and his research.
Note2Pulmonologist_offer,"You must find traces of the Pulmonologist and his research. \n\n[FFD700]Are you ready to go on a search?"

Note3Pulmonologist,Explore Location
Note3Pulmonologist_subtitle,You must find traces of the Pulmonologist and his research.
Note3Pulmonologist_Desc,You must find traces of the Pulmonologist and his research.
Note3Pulmonologist_offer,"You must find traces of the Pulmonologist and his research. \n\n[FFD700]Are you ready to go on a search?"

Note4Pulmonologist,Explore Location
Note4Pulmonologist_subtitle,You must find traces of the Pulmonologist and his research.
Note4Pulmonologist_Desc,You must find traces of the Pulmonologist and his research.
Note4Pulmonologist_offer,"You must find traces of the Pulmonologist and his research. \n\n[FFD700]Are you ready to go on a search?"

Note5Pulmonologist,Explore Location
Note5Pulmonologist_subtitle,You must find traces of the Pulmonologist and his research.
Note5Pulmonologist_Desc,You must find traces of the Pulmonologist and his research.
Note5Pulmonologist_offer,"You must find traces of the Pulmonologist and his research. \n\n[FFD700]Are you ready to go on a search?"




MailGastroenterologist,Note from the Unknown
MailGastroenterologistDesc,"To the one who found and reads this letter. Survivor! For a long time I tried to create a cure for Norovirus and protection against infection of Norovirus, I succeeded! But the horde of zombies that were chasing me drove me into a trap. There is little time left and the zombies will break down the doors of the room in which I took refuge. I'll die... Fulfill my last wish! Take the vaccine recipe from my suitcase and share it with good people! Farewell..."

BagGastroenterologist1,"Gastroenterologist's Suitcase"
BagGastroenterologist1Desc,"The suitcase contains a note from the Gastroenterologist I."

BagGastroenterologist2,"Gastroenterologist's Suitcase"
BagGastroenterologist2Desc,"The suitcase contains a note from the Gastroenterologist II."

BagGastroenterologist3,"Gastroenterologist's Suitcase"
BagGastroenterologist3Desc,"The suitcase contains a note from Gastroenterologist III."

BagGastroenterologist4,"Gastroenterologist's Suitcase"
BagGastroenterologist4Desc,"The suitcase contains a note from Gastroenterologist IV and an experimental sample of a Norovirus vaccine."

BagGastroenterologist5,"Gastroenterologist's Suitcase"
BagGastroenterologist5Desc,"The suitcase contains a bloody letter from the Gastroenterologist and a recipe for a Norovirus vaccine."

Note1Gastroenterologist,"Gastroenterologist's Note I"
Note1GastroenterologistDesc,"The note contains the address where the Gastroenterologist began experiments to create a vaccine that would stop the effects of the Norovirus."

Note2Gastroenterologist,"Gastroenterologist's Note II"
Note2GastroenterologistDesc,"In the note, the Gastroenterologist complains that it is impossible to work in this building, there are no tools and zombies are constantly attacking. We need to find a new place to work (the address is indicated in the margins of the note)."

Note3Gastroenterologist,"Gastroenterologist's Note III"
Note3GastroenterologistDesc,"In the note, the Gastroenterologist reports that he was able to make mod to protect yourself, the protection is complete! All that remains is to find laboratory equipment and create a vaccine against Norovirus (the following address is written in small handwriting)."

Note4Gastroenterologist,"Gastroenterologist's Note IV"
Note4GastroenterologistDesc,"In the note, the Gastroenterologist reports that he was able to make a vaccine against Norovirus, but he was tracked down by a horde of zombies, he will try to hide from the zombies at this address."


Note1Gastroenterologist,Explore Location
Note1Gastroenterologist_subtitle,You must find traces of the Gastroenterologist and his research.
Note1Gastroenterologist_Desc,You must find traces of the Gastroenterologist and his research.
Note1Gastroenterologist_offer,"You must find traces of the Gastroenterologist and his research. \n\n[FFD700]Are you ready to go on a search?"

Note2Gastroenterologist,Explore Location
Note2Gastroenterologist_subtitle,You must find traces of the Gastroenterologist and his research.
Note2Gastroenterologist_Desc,You must find traces of the Gastroenterologist and his research.
Note2Gastroenterologist_offer,"You must find traces of the Gastroenterologist and his research. \n\n[FFD700]Are you ready to go on a search?"

Note3Gastroenterologist,Explore Location
Note3Gastroenterologist_subtitle,You must find traces of the Gastroenterologist and his research.
Note3Gastroenterologist_Desc,You must find traces of the Gastroenterologist and his research.
Note3Gastroenterologist_offer,"You must find traces of the Gastroenterologist and his research. \n\n[FFD700]Are you ready to go on a search?"

Note4Gastroenterologist,Explore Location
Note4Gastroenterologist_subtitle,You must find traces of the Gastroenterologist and his research.
Note4Gastroenterologist_Desc,You must find traces of the Gastroenterologist and his research.
Note4Gastroenterologist_offer,"You must find traces of the Gastroenterologist and his research. \n\n[FFD700]Are you ready to go on a search?"

Note5Gastroenterologist,Explore Location
Note5Gastroenterologist_subtitle,You must find traces of the Gastroenterologist and his research.
Note5Gastroenterologist_Desc,You must find traces of the Gastroenterologist and his research.
Note5Gastroenterologist_offer,"You must find traces of the Gastroenterologist and his research. \n\n[FFD700]Are you ready to go on a search?"


buffInfluenza01GetBetterDesc,You have a treated mild Influenza. Continue medication until Influenza is cleared up.\nGetting hit by zombies or animals will make an Influenza worse.,
buffInfluenza01GetBetterName,Treated Mild Influenza,
buffInfluenza01UntreatedDesc,You have a mild Influenza.\nIt will get worse until treated with honey or antibiotics.\nGetting hit by zombies or animals will make an Influenza worse.,
buffInfluenza01UntreatedName,Mild Influenza,
buffInfluenza01UntreatedTooltip,You are infected. Take antibiotics to avoid symptoms.,
buffInfluenza02GetBetterDesc,You have a treated serious Influenza. Continue medication and keep an eye on the wound.\nGetting hit by zombies or animals will make an Influenza worse.\n\nStamina Regeneration -12.5%,
buffInfluenza02GetBetterName,Treated Influenza,
buffInfluenza02UntreatedDesc,You have a serious Influenza. If left untreated it could lead to severe Influenza which can cause death. Take antibiotics as soon as possible.\nGetting hit by zombies or animals will make an Influenza worse.\n\nStamina Regeneration -25%,
buffInfluenza02UntreatedName,Influenza,
buffInfluenza03GetBetterDesc,You have a treated life threatening severe Influenza. Continue Medication and avoid contact with infectious substances.\n\nStamina Regeneration -17%\nAll Attributes -1,
buffInfluenza03GetBetterName,Treated Severe Influenza,
buffInfluenza03UntreatedDesc,You have a life threatening severe Influenza. Take antibiotics immediately.\n\nStamina Regeneration -35%\nAll Attributes -1,
buffInfluenza03UntreatedName,Severe Influenza,
buffInfluenza04Tooltip,You have died from an Influenza.,
buffInfluenzaCureDisplayDesc,You have taken antibiotic medicine which will reduce Influenza that you may be suffering. You can stack antibiotic medicines to increase duration.,
buffInfluenzaCureDisplayName,Antibiotic Medicine,
buffInfluenzaGettingWorseTooltip,Your Influenza will no longer heal on its own.,
buffInfluenzaImmunityDesc,Your immune system is an Influenza fighting machine!,
buffInfluenzaImmunityName,Influenza Immunity

buffNorovirus01GetBetterDesc,You have a treated mild Norovirus. Continue medication until Norovirus is cleared up.\nGetting hit by zombies or animals will make an Norovirus worse.,
buffNorovirus01GetBetterName,Treated Mild Norovirus,
buffNorovirus01UntreatedDesc,You have a mild Norovirus.\nIt will get worse until treated with honey or antibiotics.\nGetting hit by zombies or animals will make an Norovirus worse.,
buffNorovirus01UntreatedName,Mild Norovirus,
buffNorovirus01UntreatedTooltip,You are infected. Take antibiotics to avoid symptoms.,
buffNorovirus02GetBetterDesc,You have a treated serious Norovirus. Continue medication and keep an eye on the wound.\nGetting hit by zombies or animals will make an Norovirus worse.\n\nStamina Regeneration -12.5%,
buffNorovirus02GetBetterName,Treated Norovirus,
buffNorovirus02UntreatedDesc,You have a serious Norovirus. If left untreated it could lead to severe Norovirus which can cause death. Take antibiotics as soon as possible.\nGetting hit by zombies or animals will make an Norovirus worse.\n\nStamina Regeneration -25%,
buffNorovirus02UntreatedName,Norovirus,
buffNorovirus03GetBetterDesc,You have a treated life threatening severe Norovirus. Continue Medication and avoid contact with infectious substances.\n\nStamina Regeneration -17%\nAll Attributes -1,
buffNorovirus03GetBetterName,Treated Severe Norovirus,
buffNorovirus03UntreatedDesc,You have a life threatening severe Norovirus. Take antibiotics immediately.\n\nStamina Regeneration -35%\nAll Attributes -1,
buffNorovirus03UntreatedName,Severe Norovirus,
buffNorovirus04Tooltip,You have died from an Norovirus.,
buffNorovirusCureDisplayDesc,You have taken antibiotic medicine which will reduce Norovirus that you may be suffering. You can stack antibiotic medicines to increase duration.,
buffNorovirusCureDisplayName,Antibiotic Medicine,
buffNorovirusGettingWorseTooltip,Your Norovirus will no longer heal on its own.,
buffNorovirusImmunityDesc,Your immune system is an Norovirus fighting machine!,
buffNorovirusImmunityName,Norovirus Immunity

buffTuberculosis01GetBetterDesc,You have a treated mild Tuberculosis. Continue medication until Tuberculosis is cleared up.\nGetting hit by zombies or animals will make an Tuberculosis worse.,
buffTuberculosis01GetBetterName,Treated Mild Tuberculosis,
buffTuberculosis01UntreatedDesc,You have a mild Tuberculosis.\nIt will get worse until treated with honey or antibiotics.\nGetting hit by zombies or animals will make an Tuberculosis worse.,
buffTuberculosis01UntreatedName,Mild Tuberculosis,
buffTuberculosis01UntreatedTooltip,You are infected. Take antibiotics to avoid symptoms.,
buffTuberculosis02GetBetterDesc,You have a treated serious Tuberculosis. Continue medication and keep an eye on the wound.\nGetting hit by zombies or animals will make an Tuberculosis worse.\n\nStamina Regeneration -12.5%,
buffTuberculosis02GetBetterName,Treated Tuberculosis,
buffTuberculosis02UntreatedDesc,You have a serious Tuberculosis. If left untreated it could lead to severe Tuberculosis which can cause death. Take antibiotics as soon as possible.\nGetting hit by zombies or animals will make an Tuberculosis worse.\n\nStamina Regeneration -25%,
buffTuberculosis02UntreatedName,Tuberculosis,
buffTuberculosis03GetBetterDesc,You have a treated life threatening severe Tuberculosis. Continue Medication and avoid contact with infectious substances.\n\nStamina Regeneration -17%\nAll Attributes -1,
buffTuberculosis03GetBetterName,Treated Severe Tuberculosis,
buffTuberculosis03UntreatedDesc,You have a life threatening severe Tuberculosis. Take antibiotics immediately.\n\nStamina Regeneration -35%\nAll Attributes -1,
buffTuberculosis03UntreatedName,Severe Tuberculosis,
buffTuberculosis04Tooltip,You have died from an Tuberculosis.,
buffTuberculosisCureDisplayDesc,You have taken antibiotic medicine which will reduce Tuberculosis that you may be suffering. You can stack antibiotic medicines to increase duration.,
buffTuberculosisCureDisplayName,Antibiotic Medicine,
buffTuberculosisGettingWorseTooltip,Your Tuberculosis will no longer heal on its own.,
buffTuberculosisImmunityDesc,Your immune system is an Tuberculosis fighting machine!,
buffTuberculosisImmunityName,Tuberculosis Immunity

foodSharkStew,Shark Stew
foodBurgerFrenchFryes,"Hamburger & French Fryes"
foodRamenNoodles,"Ramen Noodles"


Heatedfloor,Heated Floor
heatedfloorDesc,"The heat warms you up and drys you off.  \n This is used in the Snow Biome to keep you warm."

Cooledfloor,Coolded Floor
ColdfloorDesc,"The cold air cools you.  \n This is used in the Desert Biome to keep you cool."

PreciousMetalForge,Precious Metal Forge
resourceIronBar,Iron Bar
resourceGoldBar,Gold Bar
resourceSilverBar,Silver Bar
resourcePlatinumBar,Platinum Bar
resourceCopperBar,Copper Bar


resourceScrapAluminum,Forged Aluminum



zombieChargedBehemoth,"Charged Behemoth"

zombieInfernalBehemoth,"Infernal Behemoth"

zombieArmoredBehemoth,"Armored Behemoth"


gunT0GrenadeLauncher,"Pipe Grenade Launcher"
gunT1GrenadeLauncher,"Double Barrel Grenade Launcher"
gunT2GrenadeLauncher,"Pump Grenade Launcher"
gunT3GrenadeLauncher,"Muli Grenade Launcher"
resourceGrenadeTip,"Grenade Tip"
resourceGrenadeCasing,"Grenade Casing"
40mmGAmmo,"40mm Grenade (Ammo)"
40mmGHEAmmo,"40mm HE Grenade (Ammo)"
40mmGForceAmmo,"40mm Force Grenade (Ammo)"

resource4BoreBulletCasing,"4 Bore Bullet Casing"

resource4BoreBulletTip,"4 Bore Bullet Tip"

gunRifleT3Rifle4Bore,"4 Bore Rifle"

gunHandgunT3Magnum4Bore,"4 Bore Magnum"






CowStable001,Cow Stable


FishingBait,"Bait"
FishingBaitDesc,"Could be used for Fishing."

FishingLoot,"Catched Loot"
FishingLootDesc,"Your catched Fishing-Loot. By opening you will get back your Fishing Rod without a bait and maybe you get a fish."

FishingLootpro,"Catched PRO Loot"
FishingLootv3,"Catched Triple Loot"

CaughtFish,"Fresh Fish Salmon"
CaughtFishDesc,"A fresh Salmon. "Open" it to get the raw fish meat and some scales."

CaughtFish2,"Fresh Fish Tuna"
CaughtFish2Desc,"A fresh Tuna "Open" it to get the raw fish meat and some scales."

CaughtFish3,"Fresh Fish Golden Carp"
CaughtFish3Desc,"A fresh Carp "Open" it to get the raw fish meat and some scales."

CaughtFish4,"Fresh Fish Comb Perch"
CaughtFish4Desc,"A fresh Perch "Open" it to get the raw fish meat and some scales."

RawFish,"Raw Cat Fish"
RawFishDesc,"Raw Cat Fish, could be cooked at the Campfire"

RawFish2,"Raw Crawfish"
RawFish2Desc,"Raw Cod, could be cooked at the Campfire"

RawFish3,"Raw Shrimp"
RawFish3Desc,"Raw Shrimp, could be cooked at the Campfire"

RawFish4,"Raw Clam"
RawFish4Desc,"Raw Clam, could be cooked at the Campfire"

fishingRodnorm,"Fishing Rod ([ff0000]No Bait[-])"
fishingRodnormDesc,"Use unbaited fishing rod and baits to craft a baited rod."

fishingRodpro,"Fishing Rod PRO ([ff0000]No Bait[-])"
fishingRodproDesc,"Faster Fishing. Use unbaited fishing rod and baits to craft a baited pro-rod."

fishingRodv3,"Triple Float Rod ([ff0000]No Bait[-])"
fishingRodv3Desc,"Triple Fishing. Use unbaited fishing rod and baits to craft a baited triple-rod."

fishingRodBaitednorm,"Fishing Rod ([00ff00]With Bait[-])"
fishingRodBaitednormDesc,"Go over to the river and left click on the water while the rod is equipped, then wait up to 10 seconds. Tight lines!.\n\n\n[ff0000]YOU'LL BE LOCKED INTO THE ANIMATION UNTIL YOU GET A CATCH[-]"

fishingRodBaitedpro,"Fishing Rod PRO ([00ff00]With Bait[-])"
fishingRodBaitedproDesc,"Go over to the river and left click on the water while the rod is equipped, then wait up to 10 seconds. Tight lines!.\n\n\n[ff0000]YOU'LL BE LOCKED INTO THE ANIMATION UNTIL YOU GET A CATCH[-]"

fishingRodBaitedv3,"Triple Float Rod ([00ff00]With Bait[-])"
fishingRodBaitedv3Desc,"Go over to the river and left click on the water while the rod is equipped, then wait up to 10 seconds. Tight lines!.\n\n\n[ff0000]YOU'LL BE LOCKED INTO THE ANIMATION UNTIL YOU GET A CATCH[-]"

fishskillmagazine,"Fishing Magazine"
fishskillmagazinedesc,"By reading this magazine you increase your knowledge about fishing."


buffSugerRushTooltip,"WOOHOO You have a Suger Rush!!!"

PickleRickTooltip."You Just Got Pickeled By Pickle Rick BITCH!!!"
PickleRick,Pickle Rick
buffBrainDrainName,"Brain Drain"
buffBrainDrainDesc,"Removes all perks and reset base health."

classStarter,"Class Token"
classStarterDesc,"Use this Token to craft a starter kit. [FF00FF]See Descriptions in craft menu for contents before choosing."

StartMedic,"Medic Class"
StartmedicDesc,"Stun Baton \n Extra Medical Supplies \n Food Bundle \n LockPick Bundle \n Book \n Some Skill Magazines \n Repair Kit \n Bicycle"

StartSalvage,"Salvage Class"
StartSalvageDesc,"Sledge Hammer \n Wrench \n Food Bundle \n Medical Supplies \n LockPick Bundle \n Some Skill Magazines \n Repair Kit \n Bicycle"

StartFarm,"Farmer Class"
StartFarmDesc,"Baseball bat \n Iron Shovel \n Extra food \n Farm Bundle \n LockPick Bundle \n Some Skill Magazines \n Bicycle"

StartMiner,"Miner Class"
StartMinerDesc,"Pipe Baton \n Pickaxe \n Food Bundle \n Medical Supplies \n LockPick Bundle \n Repair Kit \n Some Skill Magazines \n Impact Bracers \n Bicycle"

StartBrawler,"Brawler Class"
StartBrawlerDesc,"Iron Knuckles \n Fire Axe \n Food Bundle \n Medical Supplies \n LockPick Bundle \n Repair Kit \n Some Skill Magazines \n Melee Right Cross Mod \n Bicycle"

StartSledgehammer,"Sledgehammer Class"
StartSledgehammerDesc,"Iron Knuckles \n Fire Axe \n Food Bundle \n Medical Supplies \n LockPick Bundle \n Repair Kit \n Some Skill Magazines \n Melee Right Cross Mod \n Bicycle"



BerryTeaDesc,A warm healing tea made from blueberries and snowberries

MixedTeaDesc,A cool refreshing mixed herbal tea that helps protect against the cold

IcedCoffeeDesc,A cool energising iced coffee that helps protect against the cold whilst remaining just as hydrating as the hot counterpart

YuccaChipsDesc,A handful of hearty wedge cut yucca chips

HashbrownDesc,A small triangle of shredded fried potato. A nice snack

MashPotatoDesc,This hefty pot of silky smooth mash potato could be a meal on it's own

CornGritsDesc,A warm pot of boiled corn grits with animal fat

BlueberryJamDesc,Sweet blueberry jam made from rendered fruits. Maybe too sweet on it's own

YuccaJamDesc,Surprisingly savory whilst still being sweet. Yucca jam is made from rendered down yucca fruit

EggSaladDesc,A basic egg salad made from boiled eggs. Boiled potato and oil dressing

FriedMeatDesc,Meat that has been fried in a cornmeal coating

CornChipsDesc,Crispy fried corn chips that make for a nice snack between bashing skulls in

BBJamSandwichDesc,A simple cornbread sandwich with a sweet blueberry jam filling to help recover from a long day

YuccaJamSandwichDesc,A simple cornbread sandwich with a savory yucca jam filling that helps get rid of even the strongest hunger pangs

CoffeeCakeDesc,This cake offers the energising properties of coffee whilst still being delicious

MushroomPieDesc,Savory and buttery pie crust filled to the brim with mushrooms

MeatAndBeerPieDesc,Rich and savory pie crust with a meat and beer filling. Truly a feast fit for the best of the best

FriedMushroomsDesc,Whole mushrooms coated in cornmeal and fried. A very filling snack

FriedEggDesc,A simple sunny side up fried egg. The main component of any good breakfast

FrenchToastDesc,Egg soaked cornbread that has been fried. Simple yet tasty

HoneyGlazedMeatDesc,Roasted meat with a deep honey glaze covering it

BlueberrySodaDesc,A refreshing carbonated soda made from blueberries

CarbonatedWaterDesc,Carbonated water that is both refreshing and useful for digestion

KvassSodaDesc,Kvass soda made from fermented cornbread to make it carbonated. A very basic soda

VodkaDesc,Fermented and distilled potato water that will improve your bartering. This stuff packs a punch

SnowberryGinDesc,A dry gin made from snowberries that will boost your ability to break blocks

BlueberrySpongeDesc,Fluffy sponge cake with a very sweet blueberry jam filling. Filling for both the body and soul.

YuccaSpongeDesc,Sweet and fluffy sponge cake with a somewhat savory yucca jam filling. Extremely filling

CustardPieDesc,Buttery pie crust filled to the brim with a dense custard.

ATEnergyTabletDesc,Energy tablets are great for getting you out of sticky situations. However you can get addicted to them.

FudgeDesc,Sugary fudge that melts in the mouth and rots away the teeth. You didn't need those molars anyway

PopcornDesc,Popped corn - the movie-goers favourite. A basic snack between meals

RockCandyDesc,Unflavoured candy made mostly from sugar. Will give you quite the sugar rush

RockCandyBlueberryDesc,Blueberry flavoured rock candy that tastes good and will give you a sugar rush

RockCandySnowberryDesc,Snowberry infused rock candy that will help with digestion and give you a sugar rush

SpongeCakeDesc,Dense sponge cake with sugar icing atop it.

SugarExtractDesc,"You'd have to be pretty desperate to eat raw sugar. Used in soda, candies and cakes"

SugarRushDesc,A slight rush from the amount of sugar you just ate. This allows you to slightly run faster
SugarRushName,Sugar Rush
SugarRushTooltip,That was a lot of sugar.

ATEnergyTabletDesc,You can run faster. reload slightly quicker and become less exhausted.
ATEnergyTabletName,Energy Rush
ATEnergyTabletTooltip,What a rush!

ColdDrinkName,Cold Drink
ColdDrinkDesc,Iced drinks help you survive better in hot environments.
FlourDesc,Handy in baking.
sliceOfBreadDesc,"Just a slice of bread."


toolBellowsDesc,"A tool that can be installed in a forge. It increases air flow and so the crafting speed of the forge."
statCraftingSmeltTime,Forge Crafting Speed.

buffCarRespawnTipDisplayName,"Vehicles Respawn Tip",
buffCarRespawnTipDisplayDesc,"After salvaging a vehicle, a vehicle seat will be left behind to respawn/grow back.",
buffCarRespawnTipDisplayTooltip,"THE SEAT GROWS INTO A NEW VEHICLE!!!",

workingMicrowave,Microwave (Powered)
workingMicrowaveDesc,"This microwave is powered already and can be used to heat up bowls of canned food to gain the maximum benefits from them."
drinkBowlEmpty,Bowl (Empty)
drinkBowlEmptyDesc,Use this empty bowl to heat up foods in the microwave.
foodSoupChicken,Bowl of Chicken Soup
foodSoupChickenDesc,Using your saved canned food with bowls in the microwave can give you additional benefits. Nothing beats a warm bowl of food.
foodBowlPasta,Bowl of Pasta
foodBowlPastaDesc,Using your saved canned food with bowls in the microwave can give you additional benefits. Nothing beats a warm bowl of food.
foodBowlChili,Bowl of Chili
foodBowlChiliDesc,Using your saved canned food with bowls in the microwave can give you additional benefits. Nothing beats a warm bowl of food.
foodBeefStew,Bowl of Beef Stew
foodBeefStewDesc,Using your saved canned food with bowls in the microwave can give you additional benefits. Nothing beats a warm bowl of food.
foodLambSoup,Bowl of Lamb Soup
foodLambSoupDesc,Using your saved canned food with bowls in the microwave can give you additional benefits. Nothing beats a warm bowl of food.
foodTunaSandwich,Tuna Sandwich
foodTunaSandwichDesc,Making a delicious tuna sandwich will give you some extra benefits.
microwaveTip,The microwave can be placed and used to heat canned food recipes. Canned food recipes offer slightly more benefits to them than if you eat them in singles so save those cans when you can. Bowls can be found in loot and are used with the canned foods.,,
microwaveTip_title,Microwave

perkCaptainmModifierName,"Captain Modifier"

perkCaptainmModifierRank1Desc,"Unlock Mods Stage 1"
perkCaptainmModifierRank1LongDesc,"modGunBipod, modMeleeWoodSplitter, modArmorInsulatedLiner, modGunBarrelExtender, modGunLaserSight, modGunFlashlight, modArmorStealthBoots, modVehicleOffRoadHeadlights"

perkCaptainmModifierRank2Desc,"Unlock Mods Stage 2"
perkCaptainmModifierRank2LongDesc,"modMeleeGraveDigger, modGunForegrip, modArmorCoolingMesh, modShotgunSawedOffBarrel, modGunReflexSight, modGunChoke, modArmorWaterPurifier, modVehicleReserveFuelTank, Max Degradation"

perkCaptainmModifierRank3Desc,"Unlock Mods Stage 3"
perkCaptainmModifierRank3LongDesc,"modMeleeStructuralBrace, modGunMagazineExtender, modGunMeleeTheHunter, modGunMuzzleBrake, modGunDuckbill, modArmorStoragePocket, modArmorHelmetLight, modVehiclePlow, modMeleeBurningFist"

perkCaptainmModifierRank4Desc,"Unlock Mods Stage 4"
perkCaptainmModifierRank4LongDesc,"modArmorPlatingBasic, modGunScopeSmall, modArmorImprovedFittings, modArmorBandolier, modGunRetractingStock, modArmorDoubleStoragePocket, modArmorCigar, modRoboticDroneArmorPlatingMod, Super Max Degradation"

perkCaptainmModifierRank5Desc,"Unlock Mods Stage 5"
perkCaptainmModifierRank5LongDesc,"modGunChoke, modGunTriggerGroupSemi, modGunTriggerGroupAutomatic, modGunTriggerGroupBurst3, modArmorPlatingReinforced, modGunScopeMedium, modVehicleFuelSave,modRoboticDroneMedicModr, modArmor12SlotStoragePocket"

perkCaptainmModifierRank6Desc,"Unlock Mods Stage 6"
perkCaptainmModifierRank6LongDesc,"modGunSoundSuppressorSilencer, modGunBowPolymerString, modMeleeErgonomicGrip,modMeleeClubBarbedWire, modFuelTankSmall, modArmorTripleStoragePocket, modVehicleArmor, modRoboticDroneMedicMod, modMeleeRightCross"

perkCaptainmModifierRank7Desc,"Unlock Mods Stage 7"
perkCaptainmModifierRank7LongDesc,"modGunShotgunTubeExtenderMagazine, modGunBowArrowRest, modMeleeFortifyingGrip, modMeleeFiremansAxeMod, modArmorCustomizedFittings, modArmorImpactBracing, modRoboticDroneMoraleBoosterMod, modPusher"

perkCaptainmModifierRank8Desc,"Unlock Mods Stage 8"
perkCaptainmModifierRank8LongDesc,"modGunCrippleEm, modMeleeTemperedBlade, modMeleeSerratedBlade, modMeleeDiamondTip, modMeleeClubBurningShaft, modArmorMuffledConnectors, modVehicleExpandedSeat, modRoboticDroneHeadlampMod, modBerserk"

perkCaptainmModifierRank9Desc,"Unlock Mods Stage 9"
perkCaptainmModifierRank9LongDesc,"modGunDrumMagazineExtender, modMeleeWeightedHead, modMeleeClubMetalChain, modMeleeIronBreaker,modFuelTankLarge, modArmorQuadStoragePocket, modVehicleSuperCharger, modVehicleFuelSaver, modMeleeStunRepulsor"

perkCaptainmModifierRank10Desc,"Unlock Mods Stage 10"
perkCaptainmModifierRank10LongDesc,"modGunScopeLarge, modGunMeleeRadRemover, modMeleeClubMetalSpikes,modMeleeBunkerBuster, modMeleeStunBatonRepulsor, modArmorAdvancedMuffledConnectors, modRoboticDroneCargoMod, modArmor50SlotBackPack"

perkGemMiningName,"Gem Mining"
perkGemMiningDesc,"Increse the perk art of mining lucky strike harvest. /n THIS REQIURES THE BOOK ART OF MINING LUCKY STRAKE HARVEST"

perkGemMiningRank1Desc,"Stage 1"
perkGemMiningRank1LongDesc,""

perkGemMiningRank2Desc,"Stage 2"
perkGemMiningRank2LongDesc,""

perkGemMiningRank3Desc,"Stage 3"
perkGemMiningRank3LongDesc,""

perkGemMiningRank4Desc,"Stage 4"
perkGemMiningRank4LongDesc,""

perkGemMiningRank5Desc,"Stage 5"
perkGemMiningRank5LongDesc,""

perkLivingOffTheLandRank1Desc,Gardener
perkLivingOffTheLandRank2Desc,Grower
perkLivingOffTheLandRank3Desc,Farmer
perkLivingOffTheLandRank4Desc,Agriculturist
perkLivingOffTheLandRank5Desc,Horticulturist


perkMoreHealthDesc,"Level up this to learn how to take heavier hits in battle, or to just have more wiggle room in your health pool.",
perkMoreHealthName,More Health,
perkMoreHealthRank1Desc,+10 Health,
perkMoreHealthRank1LongDesc,Tired of dying so quickly? Well you came to the right place. With this skill you can learn how to get an even bigger advantage on life. Just keep leveling this up and eventually it will be way to hard to kill you. [5ACCE5]No Refunds unless you use something that allows you to completely respec yourself.[-],
perkMoreStaminaDesc,"Level up this to learn how to run farther. Use melee weapons for even longer in combat. Even be able to go mining without as much delay.",
perkMoreStaminaName,More Stamina,
perkMoreStaminaRank1Desc,+10 Stamina,
perkMoreStaminaRank1LongDesc,Tired of always needing to stop to catch your breath? Well you came to the right place. With this skill you can learn how to do quite the opposite. You will be able to go even longer without needing to sit and recharge. This is especially useful in battle. [5ACCE5]No Refunds unless you use something that allows you to completely respec yourself.[-],


medicalAdvFirstAidBandage,Adv First Aid Bandage

medicalAdvFirstAidKit,Adv First Aid Kit



loadingTipFireBad,"If you are on fire, do not try to put it out by dousing yourself with flammable liquids."
loadingTipFireBad_title,Fire is bad,
loadingTipGasoline,"Gasoline is used to fuel generators, motor tools, and motorized vehicles.\nDo not drink gasoline."
loadingTipGasoline_title,Gasoline
loadingTipBodyHarvesting,"You Can loot and harvest the zombie bodys."
loadingTipBodyHarvesting_title,Bodys





TwitchAction_SpawnHornetCommand,"#Spawn_Hornet"
TwitchAction_SpawnHornet,"Hornet"
TwitchAction_SpawnHornetDesc,"Spawns a Hornet."

TwitchAction_SpawnHornetGroupCommand,"#Spawn_HornetGroup"
TwitchAction_SpawnHornetGroup,"Hornet Group"
TwitchAction_SpawnHornetGroupDesc,"Spawns a group of Hornet."

TwitchAction_SpawnHornetHordeCommand,"#Spawn_HornetHorde"
TwitchAction_SpawnHornetHorde,"Hornet Horde"
TwitchAction_SpawnHornetHordeDesc,"Spawns a Horde of Hornets."

CraftingAmmoName,Ammo
Ammo57mmBullet,57mm Ammo
Ammo57mmBulletHP,HP 57mm Ammo
Ammo57mmBulletAP,AP 57mm Ammo
ammo45ACPBulletBall,45 ACP
ammo45ACPBulletHP,HP 45 ACP
ammo45ACPBulletAP,AP 45 ACP
Ammo50CalBullet,50 CAL
Ammo50CalBulletHP,HP 50 CAL
Ammo50CalBulletAP,AP 50 CAL
ammoShotgunShellFlechette,Flechette Shotgun Shell
Ammo556mmBullet,556mm Ammo
Ammo556mmBulletHP,HP 556mm Ammo
Ammo556mmBulletAP,AP 556mm Ammo
ammo10mmBulletBall,10mm Ammo
ammo10mmBulletHP,HP 10mm Ammo
ammo10mmBulletAP,AP 10mm Ammo
ammo20gShotgunShell,20g Shotgun Shell
ammo20gShotgunSlug,20g Shotgun Slug 
ammo20gShotgunBreachingSlug,20g Shotgun Breaching Slug
ammo45LongColtBulletBall,45 Long Colt Ammo
ammo45LongColtBulletHP,HP 45 Long Colt Ammo
ammo45LongColtBulletAP,AP 45 Long Colt Ammo
ammo22LCBulletBall,22LC Ammo
ammo22LCBulletHP,HP 22LC Ammo
ammo22LCBulletAP,AP 22LC Ammp











ammoBundle45ACPBullet,Box of 45 ACP
ammoBundle45ACPBulletHP,Box of HP 45 ACP
ammoBundle45ACPBulletAP,Box of AP 45 ACP
ammoBundle57mmBullet,Box of 57mm ACP
ammoBundle57mmBulletHP,Box of HP 57mm ACP
ammoBundle57mmBulletAP,Box of AP 57mm ACP
ammoBundle50CalBullet,Box of 50 CAL
ammoBundle50CalBulletHP,Box of HP 50 CAL
ammoBundle50CalBulletAP,Box of AP 50 CAL
ammoBundleShotgunShellFlechette,Box of Flechette Shotgun Shell
ammoBundle556mmBullet,Box of 556mm
ammoBundle556mmBulletHP,Box of 556mm HP
ammoBundle556mmBulletAP,Box of 556mm AP
ammoBundle10mmBullet,Box of 10mm 
ammoBundle10mmBulletHP,Box of 10mm HP
ammoBundle10mmBulletAP,Box of 10mm AP
ammoBundle20gShotgunShell,Box of 20g Shotgun Shell
ammoBundle20ShotgunBreachingSlug,Box of 20g Breaching Shell
ammoBundle20gShotgunSlug,Box of 20g Shotgun Slug
ammoBundle45LongColtBulletBall,Box of 45 Long Colt
ammoBundle45LongColtBulletHP,Box of 45 Long Colt HP
ammoBundle45LongColtBulletAP,Box of 45 Long Colt AP
ammoBundle22LCBulletBall,Box of 22LC
ammoBundle22LCBulletHP,Box of 22LC HP
ammoBundle22LCBulletAP,Box of 22LC AP

perkEnforcerAPAmmoDesc,Gain 20% more experience while using a 44 Magnum.,
perkEnforcerAPAmmoLongDesc,Gain 20% more experience while using a 44 Magnum.,
perkEnforcerHPAmmoDesc,Increased 44 mag ammo in loot.,
perkEnforcerHPAmmoLongDesc,Increased 44 mag ammo in loot,
perkEnforcerCompleteDesc,All shots with .44 ammo penetrate enemies.,
perkEnforcerCompleteLongDesc,All shots with .44 ammo penetrate enemies.,
perkPistolPeteHPAmmoDesc,Increase experience gain by 20% while using 9mm guns.,
perkPistolPeteHPAmmoLongDesc,Increase experience gain by 20% while using 9mm guns.,
perkPistolPeteAPAmmoDesc,Increase 9mm ammo in loot.,
perkPistolPeteAPAmmoLongDesc,Increase 9mm ammo in loot.,
perkPistolPeteCompleteDesc,Shots fired at point blank ignore armor.,
perkPistolPeteCompleteLongDesc,Shots fired at point blank ignore armor.,
perkRangersExplodingBoltsDesc,Gain 20% more experience while using bows/crossbows.,
perkRangersExplodingBoltsLongDesc,Gain 20% more experience while using bows/crossbows.,
perkRangersAPAmmoDesc,Increase arrow and bolts in loot.,
perkRangersAPAmmoLongDesc,Increase arrow and bolts in loot.,
perkRangersFlamingArrowsDesc,Learn how to craft a Arrow Rest Mod and a Polymer String Mod.,
perkRangersFlamingArrowsLongDesc,Learn how to craft a Arrow Rest Mod and a Polymer String Mod.,
perkRangersCompleteDesc,Adds bleed chance to enemies while using bows or crossbows.,
perkRangersCompleteLongDesc,Adds bleed chance to enemies while using bows or crossbows.,
perkShotgunMessiahBreachingSlugsDesc,Increase experience gain by 20% while using shotguns.,
perkShotgunMessiahBreachingSlugsLongDesc,Increase experience gain by 20% while using shotguns.,
perkShotgunMessiahSlugsDesc,Increase shotgun ammuntion in loot.,
perkShotgunMessiahSlugsLongDesc,Increase shotgun ammuntion in loot.,
perkShotgunMessiahCompleteDesc,Increased entity damage by 30% while using shotguns.,
perkShotgunMessiahCompleteLongDesc,Increased entity damage by 30% while using shotguns.,
perkSniperAPAmmoDesc,Increase experience gain by 20% while using rifles.,
perkSniperAPAmmoLongDesc,Increase experience gain by 20% while using rifles.,
perkSniperHPAmmoDesc,Increase 7.62mm ammunition in loot.,
perkSniperHPAmmoLongDesc,Increase 7.62mm ammunition in loot.,
perkSniperCompleteDesc,Increased entity damage by 30% while using rifles.,
perkSniperCompleteLongDesc,Increased entity damage by 30% while using rifles.,


WorkingAirConditioner,Working AirConditioner
WorkingAirConditionerDesc,Working AirConditioner to reduce the heat


resourceEmptyVapeBundle,"Empty Vape Bundle"

toolBellowsDesc,"A tool that can be installed in a forge. It increases air flow and so the crafting speed of the forge."
statCraftingSmeltTime,Forge Crafting Speed


animalExplodingZombieDog,"Exploding Zombie Dog"
animalExplodingDireWolf,"Exploding Dire Wolf"
animalChihuahua,"Chihuahua"
animalFeralHouseCat,"Feral House Cat"
animalAnacondaSnake,"Anaconda"
animalPainStag,"Stag"
animalMiniBossGrace,"Mini Grace"
animalPainDoe,"Doe"
animalalphaBear,"Alpha Bear"
animalRageChicken,"Rage Chicken"
zombieTickleMeDemo,Tickle Me Demo
zombieFatCopFlamin,"Flamin Cop"
animalBattleWolf,"Battle Wolf"
animalChihuahua,"Zombified Chihuahua"
animalAlphaBear,"Alpha Bear"
animalFriendlyChihuahua,"Zombified Chihuahua"

seedsT3-1,Tier 3: Bell Pepper,
seedsT3-2,Tier 3: Cabbage,
seedsT3-3,Tier 3: Cantaloupe,
seedsT3-4,Tier 3: Chili Pepper,
seedsT3-5,Tier 3: Eggplant,

seedsT4-1,Tier 4: Grapes,
seedsT4-2,Tier 4: Leek,
seedsT4-3,Tier 4: Strawberry,
seedsT4-4,Tier 4: Onion,
seedsT4-5,Tier 4: Wheat,

seedsT5-1,Tier 5: Aleuria Aurantia,
seedsT5-2,Tier 5: Omphalotus Illudens,
seedsT5-3,Tier 5: Lactarius Indigo,
seedsT5-4,Tier 5: Shrooms,

resourceBehemothDNA,"Behemoth DNA"
BehemothDNADesc,"DNA of a Behemoth. it is for alchemy."

antivenom,"Anti-venom"
antivenomDesc,"Use this to instantly remove the effects of venom.\n\nCan be crafted at the campfire, in a cooking pot, or use a beaker to save on ingredients."
buffPoisonedDesc,"You're envenomed. Your attributes are lowered by one, and you are slowly taking damage.\n\nYou'll want some antivenom, and fast."
buffPoisonedName,Envenomed!
venomDesc,"Key ingredient for antivenom."

animalCottonMouth,Cotton Mouth

PickleRickTooltip."You Just Got Pickeled By Pickle Rick BITCH!!!"
PickleRick,Pickle Rick
buffBrainDrainName,"Brain Drain"
buffBrainDrainDesc,"Removes all perks and reset base health."

BananaRick,"Banana Rick"

xuiChallenge,"Shrader971's Challenge's"

challengeGroupAdvancedHunter,"Advanced Hunter"
challengeRewardBonusAdvancedHunterReward,"Advanced Hunter Reward"

challengeGroupAdvancedFarmer,"Advanced Farmer"
challengeRewardBonusAdvancedFarmerReward,"Advanced Farmer Reward"

challengeGroupAdvancedGatherer,"Advanced Gatherer"
challengeRewardBonusAdvancedGathererReward,"Advanced Gatherer Reward"

challengeGroupAdvancedCrafting,"Advanced Crafting"
challengeRewardBonusAdvancedCraftingReward,"Advanced Crafting Reward"

challengeGroupAdvancedZombieSlayer,"Advanced Zombie Slayer"
challengeRewardBonusAdvancedSlayerReward,"Advanced Zombie Slayer Reward"

challengeGroupEliteZombieSlayer,"Elite Zombie Slayer"
challengeRewardBonusEliteSlayerReward,"Elite Zombie Slayer Reward"

plantedBellPepper1,"Bell Pepper (Seed)"

plantedBellPepper2,"Bell Pepper (Growing)"

plantedBellPepper3Harvest,

plantedBellPepper3HarvestPlayer,
plantedBellPepper3HarvestDesc,"Bell Pepper"

plantedCabbage1,"Cabbage (Seed)"

plantedCabbage2,"Cabbage (Growing)"

plantedCabbage3Harvest,

plantedCabbage3HarvestPlayer,
plantedCabbage3HarvestDesc,"Cabbage"

plantedCantaloupe1,"Cantaloupe (Seed)"

plantedCantaloupe2,"Cantaloupe (Growing)"

plantedCantaloupe3Harvest,

plantedCantaloupe3HarvestPlayer,
plantedCantaloupe3HarvestDesc,"Cantaloupe"

plantedChiliPepper1,"Chili Pepper (Seed)"

plantedChiliPepper2,"Chili Pepper (Growing)"

plantedChiliPepper3Harvest,

plantedChiliPepper3HarvestPlayer,
plantedChiliPepper3HarvestDesc,"Chili Pepper"

plantedEggplant1,"Egg Plant (Seed)"

plantedEggplant2,"Egg Plant (Growing)"

plantedEggplant3HarvestPlayer,
plantedEggplant3HarvestDesc,"Egg Plant"

plantedGarlic1,"Garlic (Seed)"

plantedGarlic2,"Garlic (Growing)"

plantedGarlic3Harvest,

plantedGarlic3HarvestPlayer,
plantedGarlic3HarvestDesc,"Garlic"

plantedGrapes1,"Grape (Seed)"

plantedGrapes2,"Grape (Growing)"

plantedGrapes3Harvest,

plantedGrapes3HarvestPlayer,
plantedGrapes3HarvestDesc,"Grape"

plantedLeek1,"Leek (Seed)"

plantedLeek2,"Leek (Growing)"

plantedLeek3Harvest,

plantedLeek3HarvestPlayer,
plantedLeek3HarvestDesc,"Leek"

plantedOnion1,"Onion (Seed)"

plantedOnion2,"Onion (Growing)"

plantedOnion3Harvest,

plantedOnion3HarvestPlayer,
plantedOnion3HarvestDesc,"Onion"

plantedStrawberry1,"Strawberry (Seed)"

plantedStrawberry2,"Strawberry (Growing)"

plantedStrawberry3Harvest,

plantedStrawberry3HarvestPlayer,
plantedStrawberry3HarvestDesc,"Strawberry"

plantedTomato1,"Tomato (Seed)"

plantedTomato2,"Tomato (Growing)"

plantedTomato3Harvest,

plantedTomato3HarvestPlayer,
plantedTomato3HarvestDesc,"Tomato"

plantedWheat1,"Wheat (Seed)"

plantedWheat2,"Wheat (Growing)"

plantedWheat3Harvest,

plantedWheat3HarvestPlayer,
plantedWheat3HarvestDesc,"Wheat"


plantedAleuriaAurantia1,"Aleuria Aurantia (Spores)"
plantedAleuriaAurantia2,"Aleuria Aurantia (Growing)"
plantedAleuriaAurantia3Harvest,"Aleuria Aurantia"
plantedAleuriaAurantia3HarvestPlayer,"Aleuria Aurantia"
foodCropAleuriaAurantia,"Aleuria Aurantia"

plantedOmphalotusIlludens1,"Omphalotus Illudens (Spores)"
plantedOmphalotusIlludens2,"Omphalotus Illudens (Growing)"
plantedOmphalotusIlludens3Harvest,"Omphalotus Illudens"
plantedOmphalotusIlludens3HarvestPlayer,"Omphalotus Illudens"
foodCropOmphalotusIlludens,"Omphalotus Illudens"

plantedLactariusIndigo1,"Lactatrius Indigo (Sporess)"
plantedLactariusIndigo2,"Lactatrius Indigo (Growing)"
plantedLactariusIndigo3Harvest,"Lactatrius Indigo"
plantedLactariusIndigo3HarvestPlayer,"Lactatrius Indigo"
foodCropLactariusIndigo,"Lactarius Indigo"

plantedShroom1,"Shrooms (Spores)"
plantedShroom2,"Shrooms (Growing)"
plantedShroom3Harvest,"Shrooms"
plantedShroom3HarvestPlayer,"Shrooms"
foodCropShroom,"Shroom"

challengeKillExplodingZombieDog,Kill Exploding Zombie Dogs.
challengeKillExplodingZombieDogShort,Kill some Exploding Zombie Dogs.
challengeKillExplodingZombieDogDesc,[DECEA3]Exploding Zombie Dogs [-]

challengeKillExplodingDireWolf,Kill Exploding Dire Wolf.
challengeKillExplodingDireWolfShort,Kill some Exploding Dire Wolf.
challengeKillExplodingDireWolfDesc,[DECEA3]Exploding Dire Wolf [-]

challengeKillChihuahua,Kill Zombified Chihuahuas.
challengeKillChihuahuaShort,Kill some Zombified Chihuahuas.
challengeKillChihuahuaDesc,[DECEA3]Zombified Chihuahuas [-]

challengeKillMiniBossGrace,Kill Mini Graces.
challengeKillMiniBossGraceShort,Kill some Mini Graces
challengeKillMiniBossGraceDesc,[DECEA3]Mini Grace [-]

challengeKillCottonMouth,Kill Cotton Mouth
challengeKillCottonMouthShort,Kill some Cotton Mouths
challengeKillCottonMouthDesc,[DECEA3]Cotton Mouths [-]

challengeKillPainDeers,Kill Pain Deer
challengeKillPainDeersShort,Kill some Pain Deer
challengeKillPainDeersDesc,[DECEA3] Pain Deer [-]

challengeKillAnaconda,Kill Anaconda
challengeKillAnacondaShort,Kill some Anacondas
challengeKillAnacondaDesc,[DECEA3] Anaconda [-]

challengeKillFeralHouseCats,Kill Feral House Cats
challengeKillFeralHouseCatsShort,Kill some Feral House Cats
challengeKillFeralHouseCatsDesc,[DECEA3] Feral House Cat [-]

challengeKillAlphaBears,Kill Alpha Bears
challengeKillAlphaBearsShort,Kill some Alpha Bears
challengeKillAlphaBearsDesc,[DECEA3] Alpha Bears [-]

challengeHuntSpecialAnimals,Kill Special Animals
challengeSpecialHuntAnimalsShort,Kill some Special Animals
challengeHuntSpecialAnimalsDesc,[DECEA3] Hunt Special Animals [-]

challengeFarmingBellPepper,Farming Bell Pepper
challengeFarmingBellPepperShort,Harvest some Bell Peppers
challengeFarmingBellPepperDesc,[DECEA3] Bell Pepper [-]

challengeFarmingCabbage,Farming Cabbage
challengeFarmingCabbageShort,Harvest some Cabbages
challengeFarmingCabbageDesc,[DECEA3] Cabbages [-]

challengeFarmingCantaloupe,Farming Cantaloupe
challengeFarmingCantaloupeShort,Harvest some Cantaloupes
challengeFarmingCantaloupeDesc,[DECEA3] Cantaloupes [-]

challengeFarmingChiliPepper,Farming Chili Pepper
challengeFarmingChiliPepperShort,Harvest some Chili Peppers
challengeFarmingChiliPepperDesc,[DECEA3] Chili Peppers [-]

challengeFarmingEggplant,Farming Eggplant
challengeFarmingEggplantShort,Harvest some Eggplants
challengeFarmingEggplantDesc,[DECEA3] Eggplant [-]

challengeFarmingStrawberry,Farming Strawberry
challengeFarmingStrawberryShort,Harvest some Strawberrys
challengeFarmingStrawberryDesc[DECEA3] Strawberry [-]

challengeFarmingGarlic,Farming Garlic
challengeFarmingGarlicShort,Harvest some Garlics
challengeFarmingGarlicDesc,[DECEA3] Garlic [-]

challengeFarmingGrapes,Farming Grapes 
challengeFarmingGrapesShort,Harvest some Grapes
challengeFarmingGrapesDesc,[DECEA3] Grapes [-]

challengeFarmingLeek,Farming Leek
challengeFarmingLeekShort,Harvest some Leeks
challengeFarmingLeekDesc,[DECEA3] Leek [-]

challengeFarmingOnion,Farming Onion
challengeFarmingOnionShort,Harvest some Onions
challengeFarmingOnionDesc,[DECEA3] Onion [-]


challengeGathererTitanium,Gather Titanium
challengeGathererTitaniumShort,[DECEA3] Titanium [-]
challengeGathererTitaniumDesc,Gather some Titanium

challengeGathererCopper,Gather Copper
challengeGathererCopperShort,[DECEA3] Copper [-]
challengeGathererCopperDesc,Gather some Copper

challengeGathererZinc,Gather Zinc 
challengeGathererZincShort,[DECEA3] Zinc [-]
challengeGathererZincDesc,Gather some Zinc

challengeGathererTungsten,Gather Tungsten 
challengeGathererTungstenShort,[DECEA3] Tungsten [-]
challengeGathererTungstenDesc,Gather some Tungsten

challengeGathererTantalum,Gather Tantalum 
challengeGathererTantalumShort,[DECEA3] Tantalum [-]
challengeGathererTantalumDesc,Gather some Tantalum











challengePlaceAdvForge,"Place Advanced Forge"
challengePlaceAdvForgeShort,"[DECEA3]Advanced Forge[-]"
challengePlaceAdvForgeDesc,Place a Advanced Forge

challengePlaceBenchtopLathe,"Place Benchtop Lathe"
challengePlaceBenchtopLatheShort,"[DECEA3]Benchtop Lathe[-] Can be used to make gun parts. "
challengePlaceBenchtopLatheDesc,Place a Benchtop Lathe

challengeCraftForgedTitanium,Craft Forged Titanium
challengeCraftForgedTitaniumShort,"To use the [DECEA3]Forge[-]"
challengeCraftForgedTitaniumDesc,Craft some Forged Titanium in the Forge.

challengePlaceAmmoBench,Place Ammo Bench
challengePlaceAmmoBenchShort,[DECEA3]Ammo Bench[-]
challengePlaceAmmoBenchDesc,Place a Ammo Bench

challengeCraftAdvGrenadeContact,"Craft Advanced Contant Grenades"
challengeCraftAdvGrenadeContactShort,"[DECEA3]Advanced Contant Grenades[-] are a type of thrown [DECEA3]Explosive[-]"
challengeCraftAdvGrenadeContactDesc,"Craft 50 Advanced Contant Grenades."

challengeCraftAdvGrenade,"Craft Advanced Grenades"
challengeCraftAdvGrenadeShort,"[DECEA3]Advanced Grenades[-] are a type of thrown [DECEA3]Explosive[-]"
challengeCraftAdvGrenadeDesc,Craft 50 Advanced Grenades.

challengePlaceRecycler,"Place Recycler"
challengePlaceRecyclerShort,"Place Recycler"
challengePlaceRecyclerDesc,"Place Recycler to begin Mass Scraping"

challengeCraftStainLessSteelPolish,Craft Stainless Steel Polish
challengeCraftStainLessSteelPolishShort,"[DECEA3]Steel Polish[-]"
challengeCraftStainLessSteelPolishDesc,Craft 1000 Stainless Steel Polish

meleeWpnBatonT3LazerBaton,"Loveshack's Lazer Baton"

modCollegeJacket,"College Jacket Mod"
apparelCoatJacketLetterZUDesc,"Feel like a pro athlete in this college jacket. Run 10% faster."

modSuperCollegeJacket,"Super College Jacket Mod"
apparelCoatJacketLetterZUDesc,"Feel like a pro athlete in this college jacket. Run 10% faster."

modUltraCollegeJacket,"Ultra College Jacket Mod"
apparelCoatJacketLetterZUDesc,"Feel like a pro athlete in this college jacket. Run 10% faster."

modRunningShoesHP,"High Performance Running Shoes Mod"
apparelRunningShoesHPDesc,"You don't have to be the fastest, you just have to not be the slowest."

modSuperRunningShoesHP,"Super High Performance Running Shoes Mod"
apparelRunningShoesHPDesc,"You don't have to be the fastest, you just have to not be the slowest."

modUltraRunningShoesHP,"Ultra High Performance Running Shoes Mod"
apparelRunningShoesHPDesc,"You don't have to be the fastest, you just have to not be the slowest."

modArrowReload,"Arrow Reload"

modBlessedMetal,"Blessed Metal Mod"

modAdvRadRemover,"Adv Rad Remover"

modFlammableOil,"Flammable Oil Mod"

modShockBattery,"Shack Battery"

modRodandSpring,"Rod and Spring "

modArmorShredder,"Armor Shredder mod"

modMaxDegradation,"Max Degradation"

modSuperMaxDegradation,"Super Max Degradation"

modUltraMaxDegradation,"Ultra Max Degradation"

modBikecycleSpeedBoost,"Bicycle Speed Boost"
modBikecycleSpeedBoostDesc,"Increases bicycle speed by gear ratio."

modArmorFireRetardantLiner,Fire Retardant Armor Liner
modArmorFireRetardantLinerDesc,A treated armor liner that greatly reduces your chance to catch fire and reduces heat damage if flames get through.
modArmorFireRetardantLinerSchematic,Fire Retardant Armor Liner Schematic
modArmorFireRetardantLinerSchematicDesc,Reading this schematic teaches you how to craft Fire Retardant Armor Liners.
buffFireRetardantResistedDisplayName,Fire Resisted
buffFireRetardantResistedDisplayDesc,Your fire-retardant armor liner resisted ignition.
buffFireRetardantResistedDisplayTooltip,Fire resisted.



gunExplosivesT4MultiRocketLauncher,"Multi Rocket Launcher"




CaptainPoetatoRentMoneyFundDesc,"Mr. Poetato Rent Money From the Tourist"
CaptainPoetatoRentMoneyFund,"Captain Poetato's Rent Money"

BigMamaPanties,"Big Mama Panties"
BigMamaPantiesDesc,"Looks like something is in them. lets find out."

PartyGirlsPanties,"Party Girls Panties"
PartyGirlsPantiesDesc,"Looks like something is in them. lets find out."

resourceForgedTitanium,"Forged Titanium"

StainLessSteelPolish,"StainLess Steel Polish"

BenchtopLathe,"Benchtop Lathe"


birthshears,Birth Shears
scalpel,Scalpel
cornfeed,Corn Feed
animalBabyCow,Baby Cow
animalMilkCow,Cow Milk

craftingMedHandgunsName,"Med Handguns"
crafting12gShotgunsName,"12G Shotguns"
craftingHeavyRiflesName,"Heavy Rifles"
craftingHeavyMachineGunsName,"Heavy MachineGuns"
CraftingAmmoDesc,"Ammo"
CraftingJewelryName,"Jewely"
crafting20gShotgunsName,"20g Shotguns"




InformationQuestTier1,"Information Quest Tier 1"

information_quest_fetch_response,"Information Quest ([DECEA3]{poi.distance} {poi.direction}[-]) [FF9900]{poi.name}[-],"
information_quest_fetch_statement,"Bring back the information."
information_quest_fetch_completion,"Well I'll be danged. You really managed to pull through in a pinch. Thanks for retrieving the information. Here's what I owe ya.,"
information_quest_fetch_description,"Head to [DECEA3]{poi.name}[-] and retrieve the information. Be careful we don't know what's in there."
information_quest_tier1_fetch_offer,"One of my closest friend's is missing go out and find some information on them at [DECEA3]{poi.name}[-]. Go retrieve the information and return it to me."

InformationfileDesc,""

InformationOnWife,"Dear Rekt n/ This is not easy to say so im just going to say it.  You have been a asshole lately. I understand that our son died but that dose not give you the right to bewad a asshole to me. So i am leaving you for Bob. n/ sincerely Mary."








InformationfileonRekt,"Information on Rekt"
Quest1InformationOnRekt_offer,"I just need info on Rekt and why is he such a dick."




Quest1InformationOnRekt,"Information On Rekt"
Quest1InformationOnRekt_Desc,"I just need info on Rekt and why is he such a dick."
Quest1InformationOnRekt_subtitle,"Dirt On Rekt"
InformationOnRekt,"Dear Rekt \n This is not easy to say so im just going to say it. You have been a asshole lately. I understand that our son died but that dose not give you the right to be a asshole to me. So i am leaving you for Bob. \n sincerely Debbie."
InformationonRektswife,"Information on Rekt Wife"

Quest1InformationOnRektSon,"Information On Rekt Son"
Quest1InformationOnRektSon_Desc,"I just need more info on Rekt"
Quest1InformationOnRektSon_subtitle,"More Dirt On Rekt"
InformationonRektsSon1,"Information On Rekt"
InformationOnRektSon,"Dear Rekt \n Our son has become what we feared. He has become a zombie but not just any zombie. He has become The Guggernaut. He needs to be stopped. Since you won't help I'll do it myself. My god have mercy on our souls for what we brought into this world. \n sincerely Debbie."



challenge51Zombie,Challenge 51
challenge51ZombieDesc,Challenge - All Exploding Dogs Go To Heaven. Win and claim your prize. This quest cannot be shared. Good Luck

challenge52Zombie,Challenge 52
challenge52ZombieDesc,Challenge - All Cats Go To Heaven. Win and claim your prize. This quest cannot be shared. Good Luck

challenge53Zombie,Challenge 53
challenge53ZombieDesc,Challenge - Snakes on a Plane. Win and claim your prize. This quest cannot be shared. Good Luck

challenge54Zombie,Challenge 54
challenge54ZombieDesc,Challenge - No Pain No Gain. Win and claim your prize. This quest cannot be shared. Good Luck

challenge55Zombie,Challenge 55
challenge55ZombieDesc,Challenge - Brothers in Arms. Win and claim your prize. This quest cannot be shared. Good Luck

challenge56Zombie,Challenge 56
challenge56ZombieDesc,Challenge - Tickle Me Time. Win and claim your prize. This quest cannot be shared. Good Luck

challenge57Zombie,Challenge 57
challenge57ZombieDesc,Challenge - The Resetters. Win and claim your prize. This quest cannot be shared. Good Luck

challenge58Zombie,Challenge 58
challenge58ZombieDesc,Challenge - The Clucking King. Win and claim your prize. This quest cannot be shared. Good Luck

challenge59Zombie,Challenge 59
challenge59ZombieDesc,Challenge - All Dogs Go to Heaven 2. Win and claim your prize. This quest cannot be shared. Good Luck

challenge60Zombie,Challenge 60
challenge60ZombieDesc,Challenge - Survive Yogi Bear. Win and claim your prize. This quest cannot be shared. Good Luck

challenge61Zombie,Challenge 61
challenge61ZombieDesc,Challenge - Survive The Sharknado. Win and claim your prize. This quest cannot be shared. Good Luck

challenge62Zombie,Challenge 62
challenge62ZombieDesc,Challenge - Survive The Batnado. Win and claim your prize. This quest cannot be shared. Good Luck











